symbol,company,callname
786,786 Investments Limited,786 Investments
AABS,Al-Abbas Sugar Mills Limited,Al-Abbas Sugar Mills
AAL,Agro Allianz Limited,Agro Allianz
AASM,Al-Abid Silk Mills Limited,Al-Abid Silk Mills
AATM,Ali Asghar Textile Mills Limited,Ali Asghar Textile Mills
ABL,Allied Bank Limited,Allied Bank
ABOT,Abbott Laboratories (Pakistan) Limited,Abbott Laboratories
ABSON,Abson Industries Limited,Abson Industries
ACPL,Attock Cement Pakistan Limited,Attock Cement Pakistan
ADAMS,Adam Sugar Mills Limited,Adam Sugar Mills
ADMM,Artistic Denim Mills Limited,Artistic Denim Mills
AGHA,Agha Steel Ind.Ltd,Agha Steel Ind.Ltd
AGIC,Askari General Insurance Company Limited,Askari General Insurance Company
AGIL,Agriauto Industries Limited,Agriauto Industries
AGL,Agritech Limited,Agritech Limited
AGLNCPS,Agritech Non-Voting (Pref) Class A,Agritech Non-Voting Class A
AGP,AGP Limited,AGP Limited
AGSML,Abdullah Shah Ghazi Sugar Mills Limited,Abdullah Shah Ghazi Sugar Mills
AGTL,Al-Ghazi Tractors Limited,Al-Ghazi Tractors
AHCL,Arif Habib Corporation Limited,Arif Habib Corporation
AHL,Arif Habib Limited,Arif Habib
AHTM,Ahmad Hassan Textile Mills Limited,Ahmad Hassan Textile Mills
AICL,Adamjee Insurance Company Limited,Adamjee Insurance Company
AIRLINK,Air Link Communication Limited,Air Link Communication
AKBL,Askari Bank Limited,Askari Bank
AKDHL,AKD Hospitality Limited,AKD Hospitality
AKDSL,AKD Securities Limited,AKD Securities
AKGL,Al-Khair Gadoon Limited,Al-Khair Gadoon
ALAC,Askari Life Assurance Company Limited,Askari Life Assurance Company
ALIFE,Adamjee Life Assurance Company Limited,Adamjee Life Assurance Company
ALNRS,Al-Noor Sugar Mills Limited,Al-Noor Sugar Mills
ALTN,Altern Energy Limited,Altern Energy
AMBL,Apna Microfinance Bank Limited,Apna Microfinance Bank
AMSL,Al-Mal Securities & Services Limited,Al-Mal Securities & Services
AMTEX,Amtex Limited,Amtex Limited
ANL,Azgard Nine Limited,Azgard Nine
ANLNV,Azgard Nine Non-Voting Ordinary Shares,Azgard Nine Non-Voting Ordinary Shares
ANLPS,Azgard Nine 8.95%(Pref),Azgard Nine .%
ANNT,Annoor Textile Mills Limited,Annoor Textile Mills
ANSM,Ansari Sugar Mills Limited,Ansari Sugar Mills
ANTM,AN Textile Mills Limited,AN Textile Mills
APL,Attock Petroleum Limited,Attock Petroleum
APOT,Apollo Textile Mills Limited,Apollo Textile Mills
ARCTM,Arctic Textile Mills Limited,Arctic Textile Mills
ARMG,ARM Green Industries Limited,ARM Green Industries
ARPAK,Arpak International Investments Ltd.,Arpak International Investments
ARPL,Archroma Pakistan Limited,Archroma Pakistan
ARUJ,Aruj Industries Limited,Aruj Industries
ASC,Al Shaheer Corporation Limited,Al Shaheer Corporation
ASHT,Ashfaq Textile Mills Limited,Ashfaq Textile Mills
ASIC,Asia Insurance Company Limited,Asia Insurance Company
ASL,Aisha Steel Mills Limited,Aisha Steel Mills
ASLCPS,Aisha Steel Convt (Pref) Right,Aisha Steel Convt Right
ASLPS,Aisha Steel Convertible (Pref),Aisha Steel Convertible
ASTL,Amreli Steels Limited,Amreli Steels
ASTM,Asim Textile Mills Limited,Asim Textile Mills
ATBA,Atlas Battery Limited,Atlas Battery
ATIL,Atlas Insurance Limited,Atlas Insurance
ATLH,Atlas Honda Limited,Atlas Honda
ATRL,Attock Refinery Limited,Attock Refinery
AVN,Avanceon Limited,Avanceon Limited
AWTX,Allawasaya Tex. & Finishing Mills Ltd,Allawasaya Tex. & Finishing Mills
AZMT,Azmat Textile Mills Limited,Azmat Textile Mills
BAFL,Bank Alfalah Limited,Bank Alfalah
BAFS,Baba Farid Sugar Mills Limited,Baba Farid Sugar Mills
BAHL,Bank AL Habib Limited,Bank AL Habib
BAPL,Bawany Air Products Limited,Bawany Air Products
BATA,Bata Pakistan Limited,Bata Pakistan
BBFL,Big Bird Foods Limited,Big Bird Foods
BCL,Bolan Castings Limited,Bolan Castings
BECO,Beco Steel Limited,Beco Steel
BELA,Bela Automotives Limited,Bela Automotives
BERG,Berger Paints Pakistan Limited,Berger Paints Pakistan
BFAGRO,Barkat Frisian Agro Limited,Barkat Frisian Agro
BFBIO,BF Biosciences Limited,BF Biosciences
BFMOD,B.F. Modaraba,B.F. Modaraba
BGL,Baluchistan Glass Limited,Baluchistan Glass
BHAT,Bhanero Textile Mills Limited,Bhanero Textile Mills
BIFO,Biafo Industries Limited,Biafo Industries
BIIC,Business & Industrial Insurance Company,Business & Industrial Insurance Company
BIPL,BankIslami Pakistan Limited,BankIslami Pakistan
BLUEX,Blue-Ex Limited,Blue-Ex Limited
BML,Bank Makramah Limited,Bank Makramah
BNL,Bunnys Limited,Bunnys Limited
BNWM,Bannu Woollen Mills Limited,Bannu Woollen Mills
BOK,The Bank of Khyber,The Bank of Khyber
BOP,The Bank of Punjab,The Bank of Punjab
BPL,Burshane LPG (Pakistan) Limited,Burshane LPG
BRRG,B.R.R Guardian Limited,B.R.R Guardian
BTL,Blessed Textiles Limited,Blessed Textiles
BUXL,Buxly Paints Limited,Buxly Paints
BWCL,Bestway Cement Limited,Bestway Cement
BWHL,Baluchistan Wheels Limited,Baluchistan Wheels
CCM,Crescent Cotton Mills Limited,Crescent Cotton Mills
CENI,Century Insurance Company Limited,Century Insurance Company
CEPB,Century Paper & Board Mills Limited,Century Paper & Board Mills
CFL,Crescent Fibres Limited,Crescent Fibres
CHAS,Chashma Sugar Mills Limited,Chashma Sugar Mills
CHBL,Chenab Limited,Chenab Limited
CHCC,Cherat Cement Company Limited,Cherat Cement Company
CJPL,Crescent Jute Products Limited,Crescent Jute Products
CLCPS,Chenab Limited (Pref),Chenab Limited
CLOV,Clover Pakistan Limited,Clover Pakistan
CLVL,Cordoba Logistics & Ventures Limited,Cordoba Logistics & Ventures
CNERGY,Cnergyico PK  Limited,Cnergyico PK
COLG,Colgate-Palmolive (Pakistan) Limited,Colgate-Palmolive Limited
CPHL,Citi Pharma Ltd.,Citi Pharma
CPPL,Cherat Packaging Limited,Cherat Packaging
CRTM,The Crescent Textile Mills Limited,The Crescent Textile Mills
CSAP,Crescent Steel & Allied Products Limited,Crescent Steel & Allied Products
CSIL,Crescent Star Insurance Limited,Crescent Star Insurance
CTM,Colony Textile Mills Limited,Colony Textile Mills
DAAG,Data Agro Limited,Data Agro
DADX,Dadex Eternit Limited,Dadex Eternit
DBCI,Dadabhoy Cement Industries Limited,Dadabhoy Cement Industries
DBSL,Dadabhoy Sack Limited,Dadabhoy Sack
DCL,Dewan Cement Limited,Dewan Cement
DCR,Dolmen City REIT,Dolmen City REIT
DCTL,Dadabhoy Construction Technology Limited,Dadabhoy Construction Technology
DEL,Dawood Equities Limited,Dawood Equities
DFML,Dewan Farooque Motors Limited,Dewan Farooque Motors
DFSM,Dewan Farooque Spinning Mills Limited,Dewan Farooque Spinning Mills
DGKC,D.G. Khan Cement Company Limited,D.G. Khan Cement Company
DIIL,Diamond Industries Limited,Diamond Industries
DINT,Din Textile Mills Limited,Din Textile Mills
DKTM,Dewan Khalid Textile Mills Limited,Dewan Khalid Textile Mills
DLL,Dawood Lawrencepur Limited,Dawood Lawrencepur
DMC,D.M. Corporation Limited.,D.M. Corporation
DMTM,Dewan Mushtaq Textile Mills Limited,Dewan Mushtaq Textile Mills
DNCC,Dandot Cement Company Limited,Dandot Cement Company
DOL,Descon Oxychem Limited,Descon Oxychem
DSFL,Dewan Salman Fibre Limited,Dewan Salman Fibre
DSIL,D.S. Industries Limited,D.S. Industries
DSL,Dost Steels Limited,Dost Steels
DWAE,Dewan Automotive Engineering Limited,Dewan Automotive Engineering
DWSM,Dewan Sugar Mills Limited,Dewan Sugar Mills
DWTM,Dewan Textile Mills Limited,Dewan Textile Mills
DYNO,Dynea Pakistan Limited,Dynea Pakistan
ECOP,Ecopack Limited,Ecopack Limited
EFERT,Engro Fertilizers Limited,Engro Fertilizers
EFUG,EFU General Insurance Limited,EFU General Insurance
EFUL,EFU Life Assurance Limited,EFU Life Assurance
ELCM,Elahi Cotton Mills Limited,Elahi Cotton Mills
ELSM,Ellcot Spinning Mills Limited,Ellcot Spinning Mills
EMCO,Emco Industries Limited,Emco Industries
ENGL,English Leasing Limited,English Leasing
ENGROH,Engro Holdings Limited,Engro Holdings
EPCL,Engro Polymer & Chemicals Limited,Engro Polymer & Chemicals
EPCLPS,Engro Poly(Pref),Engro Poly
EPQL,Engro Powergen Qadirpur Limited,Engro Powergen Qadirpur
ESBL,Escorts Investment Bank Limited,Escorts Investment Bank
EWIC,East West Insurance Company Limited,East West Insurance Company
EXIDE,Exide Pakistan Limited,Exide Pakistan
FABL,Faysal Bank Limited,Faysal Bank
FAEL,Fatima Enterprises Limited,Fatima Enterprises
FANM,First Al-Noor Modaraba,First Al-Noor Modaraba
FASM,Faisal Spinning Mills Limited,Faisal Spinning Mills
FATIMA,Fatima Fertilizer Company Limited,Fatima Fertilizer Company
FCCL,Fauji Cement Company Limited,Fauji Cement Company
FCEL,First Capital Equities Limited,First Capital Equities
FCEPL,Frieslandcampina Engro Pakistan Limited,Frieslandcampina Engro Pakistan
FCIBL,First Credit and Investment Bank Limited,First Credit and Investment Bank
FCL,Fast Cables Limited,Fast Cables
FCONM,First Constellation Modaraba,First Constellation Modaraba
FCSC,First Capital Securities Corporation,First Capital Securities Corporation
FDPL,First Dawood Properties Limited,First Dawood Properties
FECM,First Elite Capital Modaraba,First Elite Capital Modaraba
FECTC,Fecto Cement Limited,Fecto Cement
FEM,First Equity Modaraba,First Equity Modaraba
FEROZ,Ferozsons Laboratories Limited,Ferozsons Laboratories
FFC,Fauji Fertilizer Company Limited,Fauji Fertilizer Company
FFL,Fauji Foods Limited,Fauji Foods
FFLM,First Fidelity Leasing Modaraba,First Fidelity Leasing Modaraba
FHAM,First Habib Modaraba,First Habib Modaraba
FIBLM,First IBL Modaraba,First IBL Modaraba
FIL,Fateh Industries Limited,Fateh Industries
FIM,First Investec Modaraba,First Investec Modaraba
FIMM,First Imrooz Modaraba,First Imrooz Modaraba
FLYNG,Flying Cement Company Limited,Flying Cement Company
FML,Feroze1888 Mills Limited,Feroze1888 Mills
FNBM,First National Bank Modaraba,First National Bank Modaraba
FNEL,First National Equities Limited,First National Equities
FPJM,First Punjab Modaraba,First Punjab Modaraba
FPRM,First Paramount Modaraba,First Paramount Modaraba
FPRMR2,First Paramount Modaraba(Right),First Paramount Modaraba
FRCL,Frontier Ceramics Limited,Frontier Ceramics
FRSM,Faran Sugar Mills Limited,Faran Sugar Mills
FSWL,Fateh Sports Wear Limited,Fateh Sports Wear
FTHM,Fateh Textile Mills Limited,Fateh Textile Mills
FTMM,First Treet Manufacturing Modaraba,First Treet Manufacturing Modaraba
FTSM,First Tri-Star Modaraba,First Tri-Star Modaraba
FZCM,Fazal Cloth Mills Limited,Fazal Cloth Mills
GADT,Gadoon Textile Mills Limited,Gadoon Textile Mills
GAL,Ghandhara Automobiles Limited,Ghandhara Automobiles
GAMON,Gammon Pakistan Limited,Gammon Pakistan
GATI,Gatron (Industries) Limited,Gatron Limited
GATM,Gul Ahmed Textile Mills Limited,Gul Ahmed Textile Mills
GCIL,Ghani Chemical Industries Limited,Ghani Chemical Industries
GCWL,Ghani Chemworld Limited,Ghani Chemworld
GCWLPRS,Ghani Chemworld Limited(PRS),Ghani Chemworld
GDL,Ghani Dairies Limited,Ghani Dairies
GEMBCEM,Burj Clean Energy Modaraba(GEM),Burj Clean Energy Modaraba
GEMMEL,Mughal Energy Limited(GEM),Mughal Energy
GEMNETS,Nets International Communication Limited,Nets International Communication
GEMPACRA,The Pakistan Credit Rating Agency Ltd,The Pakistan Credit Rating Agency
GEMPAPL,Pak Agro Packaging Limited(GEM),Pak Agro Packaging
GFIL,Ghazi Fabrics International Limited,Ghazi Fabrics International
GGGL,Ghani Global Glass Limited,Ghani Global Glass
GGL,Ghani Global Holdings Limited,Ghani Global Holdings
GHGL,Ghani Glass Limited,Ghani Glass
GHNI,Ghandhara Industries Limited,Ghandhara Industries
GIL,Good Luck Industries Ltd.,Good Luck Industries
GLAXO,GlaxoSmithKline Pakistan Limited,GlaxoSmithKline Pakistan
GLOT,Globe Textile Mills Limited,Globe Textile Mills
GOC,GOC (Pak) Limited.,GOC Limited.
GRR,Globe Residency REIT,Globe Residency REIT
GRYL,Grays Leasing Limited,Grays Leasing
GSPM,Gulshan Spinning Mills Limited,Gulshan Spinning Mills
GTYR,Ghandhara Tyre & Rubber Company Limited,Ghandhara Tyre & Rubber Company
GUSM,Gulistan Spinning Mills Limited,Gulistan Spinning Mills
GUTM,Gulistan Textile Mills Limited,Gulistan Textile Mills
GVGL,Ghani Value Glass Limited,Ghani Value Glass
GWLC,Gharibwal Cement Limited,Gharibwal Cement
HABSM,Habib Sugar Mills Limited,Habib Sugar Mills
HADC,Haydari Construction Company Limited,Haydari Construction Company
HAEL,Hala Enterprises Limited,Hala Enterprises
HAFL,Hafiz Limited,Hafiz Limited
HAJT,Hajra Textile Mills Limited,Hajra Textile Mills
HALEON,Haleon Pakistan Limited,Haleon Pakistan
HASCOL,Hascol Petroleum Limited,Hascol Petroleum
HATM,Hamid Textile Mills Limited,Hamid Textile Mills
HBL,Habib Bank Limited,Habib Bank
HCAR,Honda Atlas Cars (Pakistan) Limited,Honda Atlas Cars
HGFA,HBL Growth Fund,HBL Growth Fund
HICL,Habib Insurance Company Limited,Habib Insurance Company
HIFA,HBL Investment Fund,HBL Investment Fund
HINO,Hinopak Motors Limited,Hinopak Motors
HINOON,Highnoon Laboratories Limited,Highnoon Laboratories
HIRAT,Hira Textile Mills Limited,Hira Textile Mills
HKKT,Hakkim Textile Mills Limited,Hakkim Textile Mills
HMB,Habib Metropolitan Bank Limited,Habib Metropolitan Bank
HMIM,Haji Mohammad Ismail Mills Limited,Haji Mohammad Ismail Mills
HPL,Hoechst Pakistan Limited,Hoechst Pakistan
HRPL,Habib Rice Product Limited.,Habib Rice Product
HSPI,Huffaz Seamless Pipe Industries Limited,Huffaz Seamless Pipe Industries
HTL,Hi-Tech Lubricants Limited,Hi-Tech Lubricants
HUBC,The Hub Power Company Limited,The Hub Power Company
HUMNL,Hum Network Limited,Hum Network
HUSI,Husein Industries Limited,Husein Industries
HWQS,Haseeb Waqas Sugar Mills Limited,Haseeb Waqas Sugar Mills
IBFL,Ibrahim Fibres Limited,Ibrahim Fibres
IBLHL,IBL HealthCare Limited,IBL HealthCare
ICCI,ICC Industries Limited,ICC Industries
ICIBL,Invest Capital Investment Bank Limited,Invest Capital Investment Bank
ICL,Ittehad Chemicals Limted,Ittehad Chemicals Limted
IDEAL,Ideal Dynamics Limited,Ideal Dynamics
IDRT,Idrees Textile Mills Limited,Idrees Textile Mills
IDYM,Indus Dyeing & Manufacturing Co. Limited,Indus Dyeing & Manufacturing Co.
IGIHL,IGI Holdings Limited,IGI Holdings
IGIL,IGI Life Insurance Limited,IGI Life Insurance
ILP,Interloop Limited,Interloop Limited
IMAGE,Image Pakistan Limited,Image Pakistan
IML,Imperial  Limited,Imperial Limited
IMS,Intermarket Securities Limited,Intermarket Securities
INDU,Indus Motor Company Limited,Indus Motor Company
INIL,International Industries Limited,International Industries
INKL,International Knitwear Limited,International Knitwear
INMF,Investec Mutual Fund Limited,Investec Mutual Fund
IPAK,International Packaging Films Limited,International Packaging Films
IREIT,Image Reit,Image Reit
ISIL,Ismail Industries Limited,Ismail Industries
ISL,International Steels Limited,International Steels
ITANZ,Itanz Technologies Limited,Itanz Technologies
ITTEFAQ,Ittefaq Iron Industries Limited,Ittefaq Iron Industries
JATM,J.A. Textile Mills Limited,J.A. Textile Mills
JDMT,Janana De Malucho Textile Mills Limited,Janana De Malucho Textile Mills
JDWS,JDW Sugar Mills Limited,JDW Sugar Mills
JGICL,Jubilee General Insurance Company Ltd.,Jubilee General Insurance Company
JKSM,J.K. Spinning Mills Limited,J.K. Spinning Mills
JLICL,Jubilee Life Insurance Company Limited,Jubilee Life Insurance Company
JSBL,JS Bank Limited,JS Bank
JSCL,Jahangir Siddiqui & Co. Ltd.,Jahangir Siddiqui & Co.
JSGCL,JS Global Capital Limited,JS Global Capital
JSIL,JS Investments Limited,JS Investments
JSML,Jauharabad Sugar Mills Limited,Jauharabad Sugar Mills
JSRR,JS Rental REIT,JS Rental REIT
JUBS,Jubilee Spinning & Weaving Mills Ltd.,Jubilee Spinning & Weaving Mills
JVDC,Javedan Corporation Limited,Javedan Corporation
JVDCPS,Javedan Corporation (Pref),Javedan Corporation
KAKL,Kaiser Arts & Krafts Limited,Kaiser Arts & Krafts
KAPCO,Kot Addu Power Company Limited,Kot Addu Power Company
KCL,Karam Ceramics Limited,Karam Ceramics
KEL,K-Electric Limited,K-Electric Limited
KHTC,Khyber Tobacco Company Limited,Khyber Tobacco Company
KHYT,Khyber Textile Mills Limited,Khyber Textile Mills
KML,Kohinoor Mills Limited,Kohinoor Mills
KOHC,Kohat Cement Company Limited,Kohat Cement Company
KOHE,Kohinoor Energy Limited,Kohinoor Energy
KOHP,Kohinoor Power Company Limited,Kohinoor Power Company
KOHTM,Kohat Textile Mills Limited,Kohat Textile Mills
KOIL,Kohinoor Industries Limited,Kohinoor Industries
KOSM,Kohinoor Spinning Mills Limited,Kohinoor Spinning Mills
KPUS,Khairpur Sugar Mills Limited,Khairpur Sugar Mills
KSBP,KSB Pumps Company Limited,KSB Pumps Company
KSTM,Khalid Siraj Textile Mills Limited,Khalid Siraj Textile Mills
KTML,Kohinoor Textile Mills Limited,Kohinoor Textile Mills
LCI,Lucky Core Industries Limited,Lucky Core Industries
LEUL,Leather Up Limited,Leather Up
LIVEN,Liven Pharma Limited,Liven Pharma
LOADS,Loads Limited,Loads Limited
LOTCHEM,Lotte Chemical Pakistan Limited,Lotte Chemical Pakistan
LPGL,Leiner Pak Gelatine Limited,Leiner Pak Gelatine
LPL,Lalpir Power Limited,Lalpir Power
LSECL,LSE Capital Limited.,LSE Capital
LSEFSL,LSE Financial Services Limited.,LSE Financial Services
LSEVL,LSE Ventures Limited,LSE Ventures
LUCK,Lucky Cement Limited,Lucky Cement
MACFL,MACPAC Films Limited,MACPAC Films
MACTER,Macter International Limited,Macter International
MARI,Mari Energies Limited,Mari Energies
MCB,MCB Bank Limited,MCB Bank
MCBIM,MCB Investment Management Limited.,MCB Investment Management
MDTL,Media Times Limited,Media Times
MEBL,Meezan Bank Limited,Meezan Bank
MEHT,Mehmood Textile Mills Limited,Mehmood Textile Mills
MERIT,Merit Packaging Limited,Merit Packaging
MFFL,Mitchells Fruit Farms Limited,Mitchells Fruit Farms
MFL,Matco Foods Limited,Matco Foods
MFTM,Mohammad Farooq Textile Mills Limited,Mohammad Farooq Textile Mills
MIRKS,Mirpurkhas Sugar Mills Limited,Mirpurkhas Sugar Mills
MLCF,Maple Leaf Cement Factory Limited,Maple Leaf Cement Factory
MOHE,Mohib Exports Limited,Mohib Exports
MQTM,Maqbool Textile Mills Limited,Maqbool Textile Mills
MRNS,Mehran Sugar Mills Limited,Mehran Sugar Mills
MSCL,Metropolitan Steel Corporation Limited,Metropolitan Steel Corporation
MSOT,Masood Textile Mills Limited,Masood Textile Mills
MSOTPS,Masood Textile (Pref),Masood Textile
MTL,Millat Tractors Limited,Millat Tractors
MUBT,Mubarak Textile Mills Limited,Mubarak Textile Mills
MUGHAL,Mughal Iron & Steel Industries Limited,Mughal Iron & Steel Industries
MUGHALC,Mughal Iron & Steel Industries Ltd(C),Mughal Iron & Steel Industries
MUREB,Murree Brewery Company Limited,Murree Brewery Company
MWMP,Mandviwala Mauser Plastic Industries,Mandviwala Mauser Plastic Industries
NAFL,National Fibres Limited,National Fibres
NAGC,Nagina Cotton Mills Limited,Nagina Cotton Mills
NATF,National Foods Limited,National Foods
NATM,Nadeem Textile Mills Limited,Nadeem Textile Mills
NBP,National Bank of Pakistan,National Bank of Pakistan
NCL,Nishat Chunian Limited,Nishat Chunian
NCML,Nazir Cotton Mills Limited,Nazir Cotton Mills
NCPL,Nishat Chunian Power Limited,Nishat Chunian Power
NESTLE,Nestle Pakistan Limited,Nestle Pakistan
NETSOL,NetSol Technologies Limited,NetSol Technologies
NEXT,Next Capital Limited,Next Capital
NICL,Nimir Industrial Chemicals Limited,Nimir Industrial Chemicals
NINA,Nina Industries Limited,Nina Industries
NMFL,Nirala MSR Foods Limited,Nirala MSR Foods
NML,Nishat Mills Limited,Nishat Mills
NONS,Noon Sugar Mills Limited,Noon Sugar Mills
NPL,Nishat Power Limited,Nishat Power
NRL,National Refinery Limited,National Refinery
NRSL,Nimir Resins Limited,Nimir Resins
NSRM,The National Silk & Rayon Mills Limited,The National Silk & Rayon Mills
OBOY,Oilboy Energy Limited,Oilboy Energy
OCTOPUS,Octopus Digital Limited,Octopus Digital
OGDC,Oil & Gas Development Company Limited,Oil & Gas Development Company
OLPL,OLP Financial Services Pakistan Limited,OLP Financial Services Pakistan
OLPM,OLP Modaraba,OLP Modaraba
OML,Olympia Mills Limited,Olympia Mills
ORM,Orient Rental Mod,Orient Rental Mod
OTSU,Otsuka Pakistan Limited,Otsuka Pakistan
PABC,Pakistan Aluminium Beverage Cans Limited,Pakistan Aluminium Beverage Cans
PACE,Pace (Pakistan) Limited,Pace Limited
PAEL,Pak Elektron Limited,Pak Elektron
PAKD,Pak Datacom Limited,Pak Datacom
PAKL,Pak Leather Crafts Limited,Pak Leather Crafts
PAKOXY,Pakistan Oxygen Limited,Pakistan Oxygen
PAKQATAR,Pak Qatar Family Takaful Limited,Pak Qatar Family Takaful
PAKRI,Pakistan Reinsurance Company Limited,Pakistan Reinsurance Company
PAKT,Pakistan Tobacco Company Limited,Pakistan Tobacco Company
PASL,Pervez Ahmed Consultancy Services Ltd.,Pervez Ahmed Consultancy Services
PASM,Paramount Spinning Mills Limited,Paramount Spinning Mills
PCAL,Pakistan Cables Limited,Pakistan Cables
PECO,Pakistan Engineering Company Limited,Pakistan Engineering Company
PGLC,Pak-Gulf Leasing Company Limited,Pak-Gulf Leasing Company
PHDL,Pakistan Hotels Developers Limited,Pakistan Hotels Developers
PIAHCLA,PIA Holding Company Limited,PIA Holding Company
PIAHCLB,PIA Holding Company LimitedB,PIA Holding Company LimitedB
PIBTL,Pakistan International Bulk Terminal,Pakistan International Bulk Terminal
PICL,Pakistan Industrial & Commercial Leasing,Pakistan Industrial & Commercial Leasing
PICT,Pakistan International Container,Pakistan International Container
PIL,PICIC Insurance Limited,PICIC Insurance
PIM,Popular Islamic Modaraba,Popular Islamic Modaraba
PINL,Premier Insurance Limited,Premier Insurance
PIOC,Pioneer Cement Limited,Pioneer Cement
PKGI,The Pakistan General Insurance Co. Ltd.,The Pakistan General Insurance Co.
PKGP,Pakgen Power Limited,Pakgen Power
PKGS,Packages Limited,Packages Limited
PMRS,The Premier Sugar Mills,The Premier Sugar Mills
PNSC,Pakistan National Shipping Corporation,Pakistan National Shipping Corporation
POL,Pakistan Oilfields Limited,Pakistan Oilfields
POML,Punjab Oil Mills Limited,Punjab Oil Mills
POWER,Power Cement Limited,Power Cement
POWERPS,Power Cement (Pref),Power Cement
PPL,Pakistan Petroleum Limited,Pakistan Petroleum
PPP,Pakistan Paper Products Limited,Pakistan Paper Products
PPVC,Pakistan PVC Limited,Pakistan PVC
PQGTL,Pak Qatar General Takaful Limited,Pak Qatar General Takaful
PREMA,At-Tahur Limited,At-Tahur Limited
PRET,Premium Textile Mills Limited,Premium Textile Mills
PRIB,Prudential Investment Bank Limited,Prudential Investment Bank
PRIC,Progressive Insurance Company Limited,Progressive Insurance Company
PRL,Pakistan Refinery Limited,Pakistan Refinery
PRWM,Prosperity Weaving Mills Limited,Prosperity Weaving Mills
PSEL,Pakistan Services Limited,Pakistan Services
PSO,Pakistan State Oil Company Limited,Pakistan State Oil Company
PSX,Pakistan Stock Exchange Limited,Pakistan Stock Exchange
PSYL,Pakistan Synthetics Limited,Pakistan Synthetics
PTC,Pakistan Telecommunication Company Ltd,Pakistan Telecommunication Company
PTL,Panther Tyres Ltd.,Panther Tyres
QTECH,Quantum Data Technologies Limited,Quantum Data Technologies
QUET,Quetta Textile Mills Limited,Quetta Textile Mills
QUICE,Quice Food Industries Limited,Quice Food Industries
REDCO,Redco Textiles Limited,Redco Textiles
REGAL,Regal Ceramics Limited,Regal Ceramics
REWM,Reliance Weaving Mills Limited,Reliance Weaving Mills
RICL,Reliance Insurance Company Limited,Reliance Insurance Company
RMPL,Rafhan Maize Products Company Limited,Rafhan Maize Products Company
RPL,Roshan Packages Limited,Roshan Packages
RUBY,Ruby Textile Mills Limited,Ruby Textile Mills
RUPL,Rupali Polyester Limited,Rupali Polyester
SAIF,Saif Textile Mills Limited,Saif Textile Mills
SANE,Salman Noman Enterprises Limited,Salman Noman Enterprises
SANSM,Sanghar Sugar Mills Limited,Sanghar Sugar Mills
SAPT,Sapphire Textile Mills Limited,Sapphire Textile Mills
SARC,Sardar Chemical Industries Limited,Sardar Chemical Industries
SASML,Sindh Abadgars Sugar Mills Limited,Sindh Abadgars Sugar Mills
SAZEW,Sazgar Engineering Works Limited,Sazgar Engineering Works
SBL,Samba Bank Limited,Samba Bank
SCBPL,Standard Chartered Bank (Pak) Ltd,Standard Chartered Bank
SDOT,Sadoon Textile Industries Limited,Sadoon Textile Industries
SEARL,The Searle Company Limited,The Searle Company
SEL,Sitara Energy Limited,Sitara Energy
SELECT,Select Technologies Limited,Select Technologies
SEPL,Security Papers Limited,Security Papers
SERT,Service Industries Textiles Limited,Service Industries Textiles
SFAT,Safa Textiles Limited,Safa Textiles
SFL,Sapphire Fibres Limited,Sapphire Fibres
SGABL,SG.Allied Businesses Limited,SG.Allied Businesses
SGF,Service GlobalFootwear Limited,Service GlobalFootwear
SGPL,S.G. Power Limited,S.G. Power
SGPLR,S.G.Power Limited(RIGHT),S.G.Power Limited
SHCI,Shaffi Chemical Industries Limited,Shaffi Chemical Industries
SHCM,Shadman Cotton Mills Limited,Shadman Cotton Mills
SHDT,Shadab Textile Mills Limited,Shadab Textile Mills
SHEZ,Shezan International Limited,Shezan International
SHFA,Shifa International Hospitals Limited,Shifa International Hospitals
SHJS,Shahtaj Sugar Mills Limited,Shahtaj Sugar Mills
SHNI,Shaheen Insurance Company Limited,Shaheen Insurance Company
SHSML,Shahmurad Sugar Mills Limited,Shahmurad Sugar Mills
SIBL,Security Investment Bank Limited,Security Investment Bank
SIEM,Siemens (Pakistan) Engineering,Siemens Engineering
SINDM,Sindh Modaraba,Sindh Modaraba
SITC,Sitara Chemical Industries Limited,Sitara Chemical Industries
SKRS,Sakrand Sugar Mills Limited,Sakrand Sugar Mills
SLCL,Security Leasing Corporation Limited,Security Leasing Corporation
SLCPA,Security Leasing Corp.9.10%(Pref),Security Leasing Corp..%
SLGL,Secure Logistics-Trax Group Limited,Secure Logistics-Trax Group
SLL,SME Leasing Limited,SME Leasing
SLM,Service Long March Tyres Limited,Service Long March Tyres
SLYT,Sally Textile Mills Limited,Sally Textile Mills
SMCPL,Safe Mix Concrete Limited,Safe Mix Concrete
SML,Shakarganj Limited,Shakarganj Limited
SNAI,Sana Industries Limited,Sana Industries
SNBL,Soneri Bank Limited,Soneri Bank
SNGP,Sui Northern Gas Pipelines Limited,Sui Northern Gas Pipelines
SPAC1,LSE SPAC-I Limited,LSE SPAC-I
SPAC2,LSE SPAC-II Limited,LSE SPAC-II
SPCL,Saudi Pak Consultancy Company Limited,Saudi Pak Consultancy Company
SPEL,SPEL Limited,SPEL Limited
SPL,Sitara Peroxide Limited,Sitara Peroxide
SPSL,Sitara Petroleum Service Limited,Sitara Petroleum Service
SPWL,Saif Power Limited,Saif Power
SRR,Signature Residency Reit,Signature Residency Reit
SRVI,Service Industries Limited,Service Industries
SSGC,Sui Southern Gas Company Limited,Sui Southern Gas Company
SSIC,Silver Star Insurance Company Limited,Silver Star Insurance Company
SSML,Saritow Spinning Mills Limited,Saritow Spinning Mills
SSOM,S.S.Oil Mills Limited,S.S.Oil Mills
STCL,Shabbir Tiles & Ceramics Limited,Shabbir Tiles & Ceramics
STJT,Shahtaj Textile Limited,Shahtaj Textile
STL,Supernet Technologies Limited,Supernet Technologies
STLR,Supernet Technologies Limited.(Right),Supernet Technologies
STML,Shams Textile Mills Limited,Shams Textile Mills
STPL,Siddiqsons Tin Plate Limited,Siddiqsons Tin Plate
STYLERS,Stylers International Limited,Stylers International
SUHJ,Suhail Jute Mills Limited,Suhail Jute Mills
SURAJ,Suraj Ghee Industries Limited,Suraj Ghee Industries
SURC,Suraj Cotton Mills Limited,Suraj Cotton Mills
SUTM,Sunrays Textile Mills Limited,Sunrays Textile Mills
SWL,Standard Worldwide Limited,Standard Worldwide
SYM,Symmetry Group Limited,Symmetry Group
SYS,Systems Limited,Systems Limited
SZTM,Shahzad Textile Mills Limited,Shahzad Textile Mills
TAJT,Taj Textile Mills Limited,Taj Textile Mills
TATM,Tata Textile Mills Limited,Tata Textile Mills
TBL,Treet Battery Limited.,Treet Battery
TCORP,Tariq Corporation Limited,Tariq Corporation
TCORPCPS,Tariq Corporation Limited(Pref),Tariq Corporation
TELE,Telecard Limited,Telecard Limited
TGL,Tariq Glass Industries Limited,Tariq Glass Industries
THALL,Thal Limited,Thal Limited
THCCL,Thatta Cement Company Limited,Thatta Cement Company
TICL,The Thal Industries Corporation Limited,The Thal Industries Corporation
TISL,Tasdeeq Information Services Limited,Tasdeeq Information Services
TOMCL,The Organic Meat Company Limited,The Organic Meat Company
TOWL,Towellers Limited,Towellers Limited
TPL,TPL Corp Limited,TPL Corp
TPLI,TPL Insurance Limited,TPL Insurance
TPLL,TPL Life Insurance Limited,TPL Life Insurance
TPLP,TPL Properties Limited,TPL Properties
TPLRF1,TPL REIT Fund I,TPL REIT Fund I
TPLT,TPL Trakker Limited,TPL Trakker
TREET,Treet Corporation Limited,Treet Corporation
TRG,TRG Pakistan Limited,TRG Pakistan
TRIBL,Trust Investment Bank Limited,Trust Investment Bank
TRIPF,Tri-Pack Films Limited,Tri-Pack Films
TRSM,Trust Modaraba,Trust Modaraba
TSBL,Trust Securities & Brokerage Limited,Trust Securities & Brokerage
TSMF,Tri-Star Mutual Fund Limited,Tri-Star Mutual Fund
TSML,Tandlianwala Sugar Mills Limited,Tandlianwala Sugar Mills
TSPL,Tri-Star Power Limited,Tri-Star Power
UBDL,United Brands Limited,United Brands
UBL,United Bank Limited,United Bank
UCAPM,Unicap Modaraba,Unicap Modaraba
UDLI,UDL International Limited,UDL International
UDPL,United Distributors Pakistan Limited,United Distributors Pakistan
UNIC,The United Insurance Company,The United Insurance Company
UNITY,Unity Foods Limited,Unity Foods
UPFL,Unilever Pakistan Foods Limited,Unilever Pakistan Foods
USMT,Usman Textile Mills Limited,Usman Textile Mills
UVIC,The Universal Insurance Company Limited,The Universal Insurance Company
WAFI,Wafi Energy Pakistan Limited,Wafi Energy Pakistan
WAHDAT,Wahdat Poultry Farm Limited,Wahdat Poultry Farm
WAHN,Wah Noble Chemicals Limited,Wah Noble Chemicals
WASL,Wasl Mobility Modaraba,Wasl Mobility Modaraba
WAVES,Waves Corporation Limited,Waves Corporation
WAVESAPP,Waves Home Appliances Limited,Waves Home Appliances
WTL,Worldcall Telecom Limited,Worldcall Telecom
YOUW,Yousaf Weaving Mills Limited,Yousaf Weaving Mills
ZAHID,Zahidjee Textile Mills Limited,Zahidjee Textile Mills
ZAL,Zarea Limited,Zarea Limited
ZELP,Zeal Pak Cement Factory Limited,Zeal Pak Cement Factory
ZIL,ZIL Limited,ZIL Limited
ZTL,Zephyr Textiles Limited,Zephyr Textiles
ZUMA,Zuma Resources Limited,Zuma Resources
